url,name,address,city,state,phone
https://ctwcpa.net/,Results,"5658 AZ-260 Ste D, Lakeside, AZ 85929",Lakeside,AZ,(928) 368-2489
https://www.smalltowntax.com/,Results,"4700 W White Mountain Blvd Ste b, Lakeside, AZ 85929",Lakeside,AZ,(928) 369-0829
http://www.mwwcpa.com/,Results,"320 E Deuce of Clubs, Show Low, AZ 85901",Show Low,AZ,(928) 532-3226
https://www.hrblock.com/tax-office-near-me/arizona/pinetop/31562/?otppartnerid=9308&campaignid=pw_mcm_9308_9762&utm_medium=local,Results,"625 E White Mountain Blvd Ste A, Pinetop, AZ 85935",Pinetop,AZ,(928) 367-5055
http://thequillandledger.com/,Results,"1746 E White Mountain Blvd, Pinetop, AZ 85935",Pinetop,AZ,(928) 358-1900
https://connect.thrivent.com/paul-meier,Results,"1400 E White Mountain Blvd Ste 105, Pinetop-Lakeside, AZ 85935",Pinetop-Lakeside,AZ,(928) 367-6682
http://www.mccalebwealthmanagement.com/,Results,"1191 E White Mountain Blvd Bldg A, Pinetop, AZ 85935",Pinetop,AZ,(928) 358-4314
https://taxladyandassociates.weebly.com/,Results,"308 N White Mountain Rd, Show Low, AZ 85901",Show Low,AZ,(928) 532-1040
https://office.jacksonhewitt.com/tax-preparation-services-locations/en/az/show-low/4461-s-white-mountain-road/11362?utm_source=google&utm_medium=local&utm_campaign=local&utm_content=11362,Results,"4461 S White Mountain Rd D6, Show Low, AZ 85901",Show Low,AZ,(928) 532-0247
http://www.mjpins.com/,Results,"499 E White Mountain Blvd, Pinetop, AZ 85935",Pinetop,AZ,(928) 368-4600
http://www.carolsmithcpa.com/,Results,"37000 AZ-61 Ste A, Concho, AZ 85924",Concho,AZ,(928) 337-1339
https://www.arizonaaccountingandbookkeeping.com/bookkeeping-in-lake-of-the-woods/,Results,"3056 Beaver Rd, Lakeside, AZ 85929",Lakeside,AZ,(928) 892-3061
