url,name,address,city,state,phone
http://www.mwwcpa.com/,Results,"320 E Deuce of Clubs, Show Low, AZ 85901",Show Low,AZ,(928) 532-3226
https://ctwcpa.net/,Results,"5658 AZ-260 Ste D, Lakeside, AZ 85929",Lakeside,AZ,(928) 368-2489
https://taxladyandassociates.weebly.com/,Results,"308 N White Mountain Rd, Show Low, AZ 85901",Show Low,AZ,(928) 532-1040
https://www.hrblock.com/tax-office-near-me/arizona/show-low/2341/?otppartnerid=9308&campaignid=pw_mcm_9308_9762&utm_medium=local,Results,"161 E Deuce of Clubs, Show Low, AZ 85901",Show Low,AZ,(928) 537-4028
https://www.smalltowntax.com/,Results,"4700 W White Mountain Blvd Ste b, Lakeside, AZ 85929",Lakeside,AZ,(928) 369-0829
https://office.jacksonhewitt.com/tax-preparation-services-locations/en/az/show-low/4461-s-white-mountain-road/11362?utm_source=google&utm_medium=local&utm_campaign=local&utm_content=11362,Results,"4461 S White Mountain Rd D6, Show Low, AZ 85901",Show Low,AZ,(928) 532-0247
https://www.facebook.com/kaysonbookkeeping,Results,"1701 N 6th St, Show Low, AZ 85901",Show Low,AZ,(480) 215-4609
http://cssbookkeepingandaccounting.com/?utm_source=gmb&utm_medium=referral,Results,"500 N 8th Dr, Show Low, AZ 85901",Show Low,AZ,(928) 243-4604
http://www.garyspearagency.com/,Results,"1900 Bourdon Rnch Rd, Show Low, AZ 85901",Show Low,AZ,(928) 535-6000
https://www.hrblock.com/tax-office-near-me/arizona/pinetop/31562/?otppartnerid=9308&campaignid=pw_mcm_9308_9762&utm_medium=local,Results,"625 E White Mountain Blvd Ste A, Pinetop, AZ 85935",Pinetop,AZ,(928) 367-5055
https://www.edwardjones.com/us-en/financial-advisor/david-knox?y_source=1_OTY0ODczLTcxNS1sb2NhdGlvbi53ZWJzaXRl,Results,"1500 E Woolford Rd Suite 103, Show Low, AZ 85901",Show Low,AZ,(928) 532-7800
https://www.bncjlaw.com/locations/show-low-lawyer,Results,"40 N White Mountain Rd Suite A, Show Low, AZ 85901",Show Low,AZ,(928) 813-0417
https://www.arizonaaccountingandbookkeeping.com/bookkeeping-in-lake-of-the-woods/,Results,"3056 Beaver Rd, Lakeside, AZ 85929",Lakeside,AZ,(928) 892-3061
http://www.carolsmithcpa.com/,Results,"37000 AZ-61 Ste A, Concho, AZ 85924",Concho,AZ,(928) 337-1339
http://thequillandledger.com/,Results,"1746 E White Mountain Blvd, Pinetop, AZ 85935",Pinetop,AZ,(928) 358-1900
https://office.jacksonhewitt.com/tax-preparation-services-locations/en/az/show-low/5401-s-white-mountain-rd/51230?utm_source=google&utm_medium=local&utm_campaign=local&utm_content=51230,Results,"5401 S White Mountain Rd, Show Low, AZ 85901",Show Low,AZ,(928) 532-0247
